,x,edge_index,edge_attr,y,p,theta,graph_index
0,"[[1, 0, 0], [1, 0, 0], [0, 1, 0], [0, 1, 0], [0, 0, 1], [0, 0, 1]]","[[1, 2, 3, 4, 4], [3, 3, 4, 5, 6]]","[[0.511, 0.5, -0.5, -1, 0, -2], [0.511, 0.5, 0, 2, 0.5, 1], [0, 1, 0, 0, 0, 0], [105.6583755, 0.5, -0.5, -1, 0, -2], [105.6583755, 0.5, 0, 2, 0.5, 1]]",0.016827073410136898,0.1,0.0,e_mu_s
1,"[[1, 0, 0], [1, 0, 0], [0, 1, 0], [0, 1, 0], [0, 0, 1], [0, 0, 1]]","[[1, 2, 3, 4, 4], [3, 3, 4, 5, 6]]","[[0.511, 0.5, -0.5, -1, 0, -2], [0.511, 0.5, 0, 2, 0.5, 1], [0, 1, 0, 0, 0, 0], [105.6583755, 0.5, -0.5, -1, 0, -2], [105.6583755, 0.5, 0, 2, 0.5, 1]]",0.01681860382443541,0.1,0.03173325912716963,e_mu_s
2,"[[1, 0, 0], [1, 0, 0], [0, 1, 0], [0, 1, 0], [0, 0, 1], [0, 0, 1]]","[[1, 2, 3, 4, 4], [3, 3, 4, 5, 6]]","[[0.511, 0.5, -0.5, -1, 0, -2], [0.511, 0.5, 0, 2, 0.5, 1], [0, 1, 0, 0, 0, 0], [105.6583755, 0.5, -0.5, -1, 0, -2], [105.6583755, 0.5, 0, 2, 0.5, 1]]",0.016793229171363274,0.1,0.06346651825433926,e_mu_s
3,"[[1, 0, 0], [1, 0, 0], [0, 1, 0], [0, 1, 0], [0, 0, 1], [0, 0, 1]]","[[1, 2, 3, 4, 4], [3, 3, 4, 5, 6]]","[[0.511, 0.5, -0.5, -1, 0, -2], [0.511, 0.5, 0, 2, 0.5, 1], [0, 1, 0, 0, 0, 0], [105.6583755, 0.5, -0.5, -1, 0, -2], [105.6583755, 0.5, 0, 2, 0.5, 1]]",0.016751051625692587,0.1,0.0951997773815089,e_mu_s
4,"[[1, 0, 0], [1, 0, 0], [0, 1, 0], [0, 1, 0], [0, 0, 1], [0, 0, 1]]","[[1, 2, 3, 4, 4], [3, 3, 4, 5, 6]]","[[0.511, 0.5, -0.5, -1, 0, -2], [0.511, 0.5, 0, 2, 0.5, 1], [0, 1, 0, 0, 0, 0], [105.6583755, 0.5, -0.5, -1, 0, -2], [105.6583755, 0.5, 0, 2, 0.5, 1]]",0.016692241021513465,0.1,0.12693303650867852,e_mu_s
5,"[[1, 0, 0], [1, 0, 0], [0, 1, 0], [0, 1, 0], [0, 0, 1], [0, 0, 1]]","[[1, 2, 3, 4, 4], [3, 3, 4, 5, 6]]","[[0.511, 0.5, -0.5, -1, 0, -2], [0.511, 0.5, 0, 2, 0.5, 1], [0, 1, 0, 0, 0, 0], [105.6583755, 0.5, -0.5, -1, 0, -2], [105.6583755, 0.5, 0, 2, 0.5, 1]]",0.0166170341683721,0.1,0.15866629563584814,e_mu_s
6,"[[1, 0, 0], [1, 0, 0], [0, 1, 0], [0, 1, 0], [0, 0, 1], [0, 0, 1]]","[[1, 2, 3, 4, 4], [3, 3, 4, 5, 6]]","[[0.511, 0.5, -0.5, -1, 0, -2], [0.511, 0.5, 0, 2, 0.5, 1], [0, 1, 0, 0, 0, 0], [105.6583755, 0.5, -0.5, -1, 0, -2], [105.6583755, 0.5, 0, 2, 0.5, 1]]",0.016525733897722304,0.1,0.1903995547630178,e_mu_s
7,"[[1, 0, 0], [1, 0, 0], [0, 1, 0], [0, 1, 0], [0, 0, 1], [0, 0, 1]]","[[1, 2, 3, 4, 4], [3, 3, 4, 5, 6]]","[[0.511, 0.5, -0.5, -1, 0, -2], [0.511, 0.5, 0, 2, 0.5, 1], [0, 1, 0, 0, 0, 0], [105.6583755, 0.5, -0.5, -1, 0, -2], [105.6583755, 0.5, 0, 2, 0.5, 1]]",0.016418707843530115,0.1,0.2221328138901874,e_mu_s
8,"[[1, 0, 0], [1, 0, 0], [0, 1, 0], [0, 1, 0], [0, 0, 1], [0, 0, 1]]","[[1, 2, 3, 4, 4], [3, 3, 4, 5, 6]]","[[0.511, 0.5, -0.5, -1, 0, -2], [0.511, 0.5, 0, 2, 0.5, 1], [0, 1, 0, 0, 0, 0], [105.6583755, 0.5, -0.5, -1, 0, -2], [105.6583755, 0.5, 0, 2, 0.5, 1]]",0.016296386961941595,0.1,0.25386607301735703,e_mu_s
9,"[[1, 0, 0], [1, 0, 0], [0, 1, 0], [0, 1, 0], [0, 0, 1], [0, 0, 1]]","[[1, 2, 3, 4, 4], [3, 3, 4, 5, 6]]","[[0.511, 0.5, -0.5, -1, 0, -2], [0.511, 0.5, 0, 2, 0.5, 1], [0, 1, 0, 0, 0, 0], [105.6583755, 0.5, -0.5, -1, 0, -2], [105.6583755, 0.5, 0, 2, 0.5, 1]]",0.016159263795974498,0.1,0.28559933214452665,e_mu_s
10,"[[1, 0, 0], [1, 0, 0], [0, 1, 0], [0, 1, 0], [0, 0, 1], [0, 0, 1]]","[[1, 2, 3, 4, 4], [3, 3, 4, 5, 6]]","[[0.511, 0.5, -0.5, -1, 0, -2], [0.511, 0.5, 0, 2, 0.5, 1], [0, 1, 0, 0, 0, 0], [105.6583755, 0.5, -0.5, -1, 0, -2], [105.6583755, 0.5, 0, 2, 0.5, 1]]",0.016007890492221413,0.1,0.3173325912716963,e_mu_s
11,"[[1, 0, 0], [1, 0, 0], [0, 1, 0], [0, 1, 0], [0, 0, 1], [0, 0, 1]]","[[1, 2, 3, 4, 4], [3, 3, 4, 5, 6]]","[[0.511, 0.5, -0.5, -1, 0, -2], [0.511, 0.5, 0, 2, 0.5, 1], [0, 1, 0, 0, 0, 0], [105.6583755, 0.5, -0.5, -1, 0, -2], [105.6583755, 0.5, 0, 2, 0.5, 1]]",0.015842876577550298,0.1,0.3490658503988659,e_mu_s
12,"[[1, 0, 0], [1, 0, 0], [0, 1, 0], [0, 1, 0], [0, 0, 1], [0, 0, 1]]","[[1, 2, 3, 4, 4], [3, 3, 4, 5, 6]]","[[0.511, 0.5, -0.5, -1, 0, -2], [0.511, 0.5, 0, 2, 0.5, 1], [0, 1, 0, 0, 0, 0], [105.6583755, 0.5, -0.5, -1, 0, -2], [105.6583755, 0.5, 0, 2, 0.5, 1]]",0.015664886504754883,0.1,0.3807991095260356,e_mu_s
13,"[[1, 0, 0], [1, 0, 0], [0, 1, 0], [0, 1, 0], [0, 0, 1], [0, 0, 1]]","[[1, 2, 3, 4, 4], [3, 3, 4, 5, 6]]","[[0.511, 0.5, -0.5, -1, 0, -2], [0.511, 0.5, 0, 2, 0.5, 1], [0, 1, 0, 0, 0, 0], [105.6583755, 0.5, -0.5, -1, 0, -2], [105.6583755, 0.5, 0, 2, 0.5, 1]]",0.015474636977037834,0.1,0.4125323686532052,e_mu_s
14,"[[1, 0, 0], [1, 0, 0], [0, 1, 0], [0, 1, 0], [0, 0, 1], [0, 0, 1]]","[[1, 2, 3, 4, 4], [3, 3, 4, 5, 6]]","[[0.511, 0.5, -0.5, -1, 0, -2], [0.511, 0.5, 0, 2, 0.5, 1], [0, 1, 0, 0, 0, 0], [105.6583755, 0.5, -0.5, -1, 0, -2], [105.6583755, 0.5, 0, 2, 0.5, 1]]",0.01527289406209989,0.1,0.4442656277803748,e_mu_s
15,"[[1, 0, 0], [1, 0, 0], [0, 1, 0], [0, 1, 0], [0, 0, 1], [0, 0, 1]]","[[1, 2, 3, 4, 4], [3, 3, 4, 5, 6]]","[[0.511, 0.5, -0.5, -1, 0, -2], [0.511, 0.5, 0, 2, 0.5, 1], [0, 1, 0, 0, 0, 0], [105.6583755, 0.5, -0.5, -1, 0, -2], [105.6583755, 0.5, 0, 2, 0.5, 1]]",0.015060470107455598,0.1,0.47599888690754444,e_mu_s
16,"[[1, 0, 0], [1, 0, 0], [0, 1, 0], [0, 1, 0], [0, 0, 1], [0, 0, 1]]","[[1, 2, 3, 4, 4], [3, 3, 4, 5, 6]]","[[0.511, 0.5, -0.5, -1, 0, -2], [0.511, 0.5, 0, 2, 0.5, 1], [0, 1, 0, 0, 0, 0], [105.6583755, 0.5, -0.5, -1, 0, -2], [105.6583755, 0.5, 0, 2, 0.5, 1]]",0.014838220469396595,0.1,0.5077321460347141,e_mu_s
17,"[[1, 0, 0], [1, 0, 0], [0, 1, 0], [0, 1, 0], [0, 0, 1], [0, 0, 1]]","[[1, 2, 3, 4, 4], [3, 3, 4, 5, 6]]","[[0.511, 0.5, -0.5, -1, 0, -2], [0.511, 0.5, 0, 2, 0.5, 1], [0, 1, 0, 0, 0, 0], [105.6583755, 0.5, -0.5, -1, 0, -2], [105.6583755, 0.5, 0, 2, 0.5, 1]]",0.014607040068773721,0.1,0.5394654051618837,e_mu_s
18,"[[1, 0, 0], [1, 0, 0], [0, 1, 0], [0, 1, 0], [0, 0, 1], [0, 0, 1]]","[[1, 2, 3, 4, 4], [3, 3, 4, 5, 6]]","[[0.511, 0.5, -0.5, -1, 0, -2], [0.511, 0.5, 0, 2, 0.5, 1], [0, 1, 0, 0, 0, 0], [105.6583755, 0.5, -0.5, -1, 0, -2], [105.6583755, 0.5, 0, 2, 0.5, 1]]",0.014367859787466604,0.1,0.5711986642890533,e_mu_s
19,"[[1, 0, 0], [1, 0, 0], [0, 1, 0], [0, 1, 0], [0, 0, 1], [0, 0, 1]]","[[1, 2, 3, 4, 4], [3, 3, 4, 5, 6]]","[[0.511, 0.5, -0.5, -1, 0, -2], [0.511, 0.5, 0, 2, 0.5, 1], [0, 1, 0, 0, 0, 0], [105.6583755, 0.5, -0.5, -1, 0, -2], [105.6583755, 0.5, 0, 2, 0.5, 1]]",0.01412164272005088,0.1,0.6029319234162229,e_mu_s
20,"[[1, 0, 0], [1, 0, 0], [0, 1, 0], [0, 1, 0], [0, 0, 1], [0, 0, 1]]","[[1, 2, 3, 4, 4], [3, 3, 4, 5, 6]]","[[0.511, 0.5, -0.5, -1, 0, -2], [0.511, 0.5, 0, 2, 0.5, 1], [0, 1, 0, 0, 0, 0], [105.6583755, 0.5, -0.5, -1, 0, -2], [105.6583755, 0.5, 0, 2, 0.5, 1]]",0.013869380295756246,0.1,0.6346651825433925,e_mu_s
21,"[[1, 0, 0], [1, 0, 0], [0, 1, 0], [0, 1, 0], [0, 0, 1], [0, 0, 1]]","[[1, 2, 3, 4, 4], [3, 3, 4, 5, 6]]","[[0.511, 0.5, -0.5, -1, 0, -2], [0.511, 0.5, 0, 2, 0.5, 1], [0, 1, 0, 0, 0, 0], [105.6583755, 0.5, -0.5, -1, 0, -2], [105.6583755, 0.5, 0, 2, 0.5, 1]]",0.01361208828633089,0.1,0.6663984416705622,e_mu_s
22,"[[1, 0, 0], [1, 0, 0], [0, 1, 0], [0, 1, 0], [0, 0, 1], [0, 0, 1]]","[[1, 2, 3, 4, 4], [3, 3, 4, 5, 6]]","[[0.511, 0.5, -0.5, -1, 0, -2], [0.511, 0.5, 0, 2, 0.5, 1], [0, 1, 0, 0, 0, 0], [105.6583755, 0.5, -0.5, -1, 0, -2], [105.6583755, 0.5, 0, 2, 0.5, 1]]",0.013350802715887154,0.1,0.6981317007977318,e_mu_s
23,"[[1, 0, 0], [1, 0, 0], [0, 1, 0], [0, 1, 0], [0, 0, 1], [0, 0, 1]]","[[1, 2, 3, 4, 4], [3, 3, 4, 5, 6]]","[[0.511, 0.5, -0.5, -1, 0, -2], [0.511, 0.5, 0, 2, 0.5, 1], [0, 1, 0, 0, 0, 0], [105.6583755, 0.5, -0.5, -1, 0, -2], [105.6583755, 0.5, 0, 2, 0.5, 1]]",0.01308657568919811,0.1,0.7298649599249014,e_mu_s
24,"[[1, 0, 0], [1, 0, 0], [0, 1, 0], [0, 1, 0], [0, 0, 1], [0, 0, 1]]","[[1, 2, 3, 4, 4], [3, 3, 4, 5, 6]]","[[0.511, 0.5, -0.5, -1, 0, -2], [0.511, 0.5, 0, 2, 0.5, 1], [0, 1, 0, 0, 0, 0], [105.6583755, 0.5, -0.5, -1, 0, -2], [105.6583755, 0.5, 0, 2, 0.5, 1]]",0.012820471155242938,0.1,0.7615982190520711,e_mu_s
25,"[[1, 0, 0], [1, 0, 0], [0, 1, 0], [0, 1, 0], [0, 0, 1], [0, 0, 1]]","[[1, 2, 3, 4, 4], [3, 3, 4, 5, 6]]","[[0.511, 0.5, -0.5, -1, 0, -2], [0.511, 0.5, 0, 2, 0.5, 1], [0, 1, 0, 0, 0, 0], [105.6583755, 0.5, -0.5, -1, 0, -2], [105.6583755, 0.5, 0, 2, 0.5, 1]]",0.012553560623059951,0.1,0.7933314781792408,e_mu_s
26,"[[1, 0, 0], [1, 0, 0], [0, 1, 0], [0, 1, 0], [0, 0, 1], [0, 0, 1]]","[[1, 2, 3, 4, 4], [3, 3, 4, 5, 6]]","[[0.511, 0.5, -0.5, -1, 0, -2], [0.511, 0.5, 0, 2, 0.5, 1], [0, 1, 0, 0, 0, 0], [105.6583755, 0.5, -0.5, -1, 0, -2], [105.6583755, 0.5, 0, 2, 0.5, 1]]",0.012286918847157833,0.1,0.8250647373064104,e_mu_s
27,"[[1, 0, 0], [1, 0, 0], [0, 1, 0], [0, 1, 0], [0, 0, 1], [0, 0, 1]]","[[1, 2, 3, 4, 4], [3, 3, 4, 5, 6]]","[[0.511, 0.5, -0.5, -1, 0, -2], [0.511, 0.5, 0, 2, 0.5, 1], [0, 1, 0, 0, 0, 0], [105.6583755, 0.5, -0.5, -1, 0, -2], [105.6583755, 0.5, 0, 2, 0.5, 1]]",0.012021619499858593,0.1,0.85679799643358,e_mu_s
28,"[[1, 0, 0], [1, 0, 0], [0, 1, 0], [0, 1, 0], [0, 0, 1], [0, 0, 1]]","[[1, 2, 3, 4, 4], [3, 3, 4, 5, 6]]","[[0.511, 0.5, -0.5, -1, 0, -2], [0.511, 0.5, 0, 2, 0.5, 1], [0, 1, 0, 0, 0, 0], [105.6583755, 0.5, -0.5, -1, 0, -2], [105.6583755, 0.5, 0, 2, 0.5, 1]]",0.011758730847998049,0.1,0.8885312555607496,e_mu_s
29,"[[1, 0, 0], [1, 0, 0], [0, 1, 0], [0, 1, 0], [0, 0, 1], [0, 0, 1]]","[[1, 2, 3, 4, 4], [3, 3, 4, 5, 6]]","[[0.511, 0.5, -0.5, -1, 0, -2], [0.511, 0.5, 0, 2, 0.5, 1], [0, 1, 0, 0, 0, 0], [105.6583755, 0.5, -0.5, -1, 0, -2], [105.6583755, 0.5, 0, 2, 0.5, 1]]",0.011499311451392333,0.1,0.9202645146879193,e_mu_s
30,"[[1, 0, 0], [1, 0, 0], [0, 1, 0], [0, 1, 0], [0, 0, 1], [0, 0, 1]]","[[1, 2, 3, 4, 4], [3, 3, 4, 5, 6]]","[[0.511, 0.5, -0.5, -1, 0, -2], [0.511, 0.5, 0, 2, 0.5, 1], [0, 1, 0, 0, 0, 0], [105.6583755, 0.5, -0.5, -1, 0, -2], [105.6583755, 0.5, 0, 2, 0.5, 1]]",0.01124440590039112,0.1,0.9519977738150889,e_mu_s
31,"[[1, 0, 0], [1, 0, 0], [0, 1, 0], [0, 1, 0], [0, 0, 1], [0, 0, 1]]","[[1, 2, 3, 4, 4], [3, 3, 4, 5, 6]]","[[0.511, 0.5, -0.5, -1, 0, -2], [0.511, 0.5, 0, 2, 0.5, 1], [0, 1, 0, 0, 0, 0], [105.6583755, 0.5, -0.5, -1, 0, -2], [105.6583755, 0.5, 0, 2, 0.5, 1]]",0.010995040609680966,0.1,0.9837310329422585,e_mu_s
32,"[[1, 0, 0], [1, 0, 0], [0, 1, 0], [0, 1, 0], [0, 0, 1], [0, 0, 1]]","[[1, 2, 3, 4, 4], [3, 3, 4, 5, 6]]","[[0.511, 0.5, -0.5, -1, 0, -2], [0.511, 0.5, 0, 2, 0.5, 1], [0, 1, 0, 0, 0, 0], [105.6583755, 0.5, -0.5, -1, 0, -2], [105.6583755, 0.5, 0, 2, 0.5, 1]]",0.010752219685275628,0.1,1.0154642920694281,e_mu_s
33,"[[1, 0, 0], [1, 0, 0], [0, 1, 0], [0, 1, 0], [0, 0, 1], [0, 0, 1]]","[[1, 2, 3, 4, 4], [3, 3, 4, 5, 6]]","[[0.511, 0.5, -0.5, -1, 0, -2], [0.511, 0.5, 0, 2, 0.5, 1], [0, 1, 0, 0, 0, 0], [105.6583755, 0.5, -0.5, -1, 0, -2], [105.6583755, 0.5, 0, 2, 0.5, 1]]",0.010516920881335563,0.1,1.0471975511965979,e_mu_s
34,"[[1, 0, 0], [1, 0, 0], [0, 1, 0], [0, 1, 0], [0, 0, 1], [0, 0, 1]]","[[1, 2, 3, 4, 4], [3, 3, 4, 5, 6]]","[[0.511, 0.5, -0.5, -1, 0, -2], [0.511, 0.5, 0, 2, 0.5, 1], [0, 1, 0, 0, 0, 0], [105.6583755, 0.5, -0.5, -1, 0, -2], [105.6583755, 0.5, 0, 2, 0.5, 1]]",0.010290091663096988,0.1,1.0789308103237674,e_mu_s
35,"[[1, 0, 0], [1, 0, 0], [0, 1, 0], [0, 1, 0], [0, 0, 1], [0, 0, 1]]","[[1, 2, 3, 4, 4], [3, 3, 4, 5, 6]]","[[0.511, 0.5, -0.5, -1, 0, -2], [0.511, 0.5, 0, 2, 0.5, 1], [0, 1, 0, 0, 0, 0], [105.6583755, 0.5, -0.5, -1, 0, -2], [105.6583755, 0.5, 0, 2, 0.5, 1]]",0.010072645391763783,0.1,1.110664069450937,e_mu_s
36,"[[1, 0, 0], [1, 0, 0], [0, 1, 0], [0, 1, 0], [0, 0, 1], [0, 0, 1]]","[[1, 2, 3, 4, 4], [3, 3, 4, 5, 6]]","[[0.511, 0.5, -0.5, -1, 0, -2], [0.511, 0.5, 0, 2, 0.5, 1], [0, 1, 0, 0, 0, 0], [105.6583755, 0.5, -0.5, -1, 0, -2], [105.6583755, 0.5, 0, 2, 0.5, 1]]",0.009865457646724318,0.1,1.1423973285781066,e_mu_s
37,"[[1, 0, 0], [1, 0, 0], [0, 1, 0], [0, 1, 0], [0, 0, 1], [0, 0, 1]]","[[1, 2, 3, 4, 4], [3, 3, 4, 5, 6]]","[[0.511, 0.5, -0.5, -1, 0, -2], [0.511, 0.5, 0, 2, 0.5, 1], [0, 1, 0, 0, 0, 0], [105.6583755, 0.5, -0.5, -1, 0, -2], [105.6583755, 0.5, 0, 2, 0.5, 1]]",0.009669362699902224,0.1,1.1741305877052763,e_mu_s
38,"[[1, 0, 0], [1, 0, 0], [0, 1, 0], [0, 1, 0], [0, 0, 1], [0, 0, 1]]","[[1, 2, 3, 4, 4], [3, 3, 4, 5, 6]]","[[0.511, 0.5, -0.5, -1, 0, -2], [0.511, 0.5, 0, 2, 0.5, 1], [0, 1, 0, 0, 0, 0], [105.6583755, 0.5, -0.5, -1, 0, -2], [105.6583755, 0.5, 0, 2, 0.5, 1]]",0.009485150156437873,0.1,1.2058638468324459,e_mu_s
39,"[[1, 0, 0], [1, 0, 0], [0, 1, 0], [0, 1, 0], [0, 0, 1], [0, 0, 1]]","[[1, 2, 3, 4, 4], [3, 3, 4, 5, 6]]","[[0.511, 0.5, -0.5, -1, 0, -2], [0.511, 0.5, 0, 2, 0.5, 1], [0, 1, 0, 0, 0, 0], [105.6583755, 0.5, -0.5, -1, 0, -2], [105.6583755, 0.5, 0, 2, 0.5, 1]]",0.00931356177522713,0.1,1.2375971059596156,e_mu_s
40,"[[1, 0, 0], [1, 0, 0], [0, 1, 0], [0, 1, 0], [0, 0, 1], [0, 0, 1]]","[[1, 2, 3, 4, 4], [3, 3, 4, 5, 6]]","[[0.511, 0.5, -0.5, -1, 0, -2], [0.511, 0.5, 0, 2, 0.5, 1], [0, 1, 0, 0, 0, 0], [105.6583755, 0.5, -0.5, -1, 0, -2], [105.6583755, 0.5, 0, 2, 0.5, 1]]",0.009155288482120076,0.1,1.269330365086785,e_mu_s
41,"[[1, 0, 0], [1, 0, 0], [0, 1, 0], [0, 1, 0], [0, 0, 1], [0, 0, 1]]","[[1, 2, 3, 4, 4], [3, 3, 4, 5, 6]]","[[0.511, 0.5, -0.5, -1, 0, -2], [0.511, 0.5, 0, 2, 0.5, 1], [0, 1, 0, 0, 0, 0], [105.6583755, 0.5, -0.5, -1, 0, -2], [105.6583755, 0.5, 0, 2, 0.5, 1]]",0.009010967587806477,0.1,1.3010636242139548,e_mu_s
42,"[[1, 0, 0], [1, 0, 0], [0, 1, 0], [0, 1, 0], [0, 0, 1], [0, 0, 1]]","[[1, 2, 3, 4, 4], [3, 3, 4, 5, 6]]","[[0.511, 0.5, -0.5, -1, 0, -2], [0.511, 0.5, 0, 2, 0.5, 1], [0, 1, 0, 0, 0, 0], [105.6583755, 0.5, -0.5, -1, 0, -2], [105.6583755, 0.5, 0, 2, 0.5, 1]]",0.008881180221590585,0.1,1.3327968833411243,e_mu_s
43,"[[1, 0, 0], [1, 0, 0], [0, 1, 0], [0, 1, 0], [0, 0, 1], [0, 0, 1]]","[[1, 2, 3, 4, 4], [3, 3, 4, 5, 6]]","[[0.511, 0.5, -0.5, -1, 0, -2], [0.511, 0.5, 0, 2, 0.5, 1], [0, 1, 0, 0, 0, 0], [105.6583755, 0.5, -0.5, -1, 0, -2], [105.6583755, 0.5, 0, 2, 0.5, 1]]",0.008766448991388497,0.1,1.364530142468294,e_mu_s
44,"[[1, 0, 0], [1, 0, 0], [0, 1, 0], [0, 1, 0], [0, 0, 1], [0, 0, 1]]","[[1, 2, 3, 4, 4], [3, 3, 4, 5, 6]]","[[0.511, 0.5, -0.5, -1, 0, -2], [0.511, 0.5, 0, 2, 0.5, 1], [0, 1, 0, 0, 0, 0], [105.6583755, 0.5, -0.5, -1, 0, -2], [105.6583755, 0.5, 0, 2, 0.5, 1]]",0.008667235879370572,0.1,1.3962634015954636,e_mu_s
45,"[[1, 0, 0], [1, 0, 0], [0, 1, 0], [0, 1, 0], [0, 0, 1], [0, 0, 1]]","[[1, 2, 3, 4, 4], [3, 3, 4, 5, 6]]","[[0.511, 0.5, -0.5, -1, 0, -2], [0.511, 0.5, 0, 2, 0.5, 1], [0, 1, 0, 0, 0, 0], [105.6583755, 0.5, -0.5, -1, 0, -2], [105.6583755, 0.5, 0, 2, 0.5, 1]]",0.008583940381722251,0.1,1.4279966607226333,e_mu_s
46,"[[1, 0, 0], [1, 0, 0], [0, 1, 0], [0, 1, 0], [0, 0, 1], [0, 0, 1]]","[[1, 2, 3, 4, 4], [3, 3, 4, 5, 6]]","[[0.511, 0.5, -0.5, -1, 0, -2], [0.511, 0.5, 0, 2, 0.5, 1], [0, 1, 0, 0, 0, 0], [105.6583755, 0.5, -0.5, -1, 0, -2], [105.6583755, 0.5, 0, 2, 0.5, 1]]",0.00851689790001394,0.1,1.4597299198498028,e_mu_s
47,"[[1, 0, 0], [1, 0, 0], [0, 1, 0], [0, 1, 0], [0, 0, 1], [0, 0, 1]]","[[1, 2, 3, 4, 4], [3, 3, 4, 5, 6]]","[[0.511, 0.5, -0.5, -1, 0, -2], [0.511, 0.5, 0, 2, 0.5, 1], [0, 1, 0, 0, 0, 0], [105.6583755, 0.5, -0.5, -1, 0, -2], [105.6583755, 0.5, 0, 2, 0.5, 1]]",0.008466378390657251,0.1,1.4914631789769726,e_mu_s
48,"[[1, 0, 0], [1, 0, 0], [0, 1, 0], [0, 1, 0], [0, 0, 1], [0, 0, 1]]","[[1, 2, 3, 4, 4], [3, 3, 4, 5, 6]]","[[0.511, 0.5, -0.5, -1, 0, -2], [0.511, 0.5, 0, 2, 0.5, 1], [0, 1, 0, 0, 0, 0], [105.6583755, 0.5, -0.5, -1, 0, -2], [105.6583755, 0.5, 0, 2, 0.5, 1]]",0.008432585277885823,0.1,1.5231964381041423,e_mu_s
49,"[[1, 0, 0], [1, 0, 0], [0, 1, 0], [0, 1, 0], [0, 0, 1], [0, 0, 1]]","[[1, 2, 3, 4, 4], [3, 3, 4, 5, 6]]","[[0.511, 0.5, -0.5, -1, 0, -2], [0.511, 0.5, 0, 2, 0.5, 1], [0, 1, 0, 0, 0, 0], [105.6583755, 0.5, -0.5, -1, 0, -2], [105.6583755, 0.5, 0, 2, 0.5, 1]]",0.008415654634637709,0.1,1.5549296972313118,e_mu_s
50,"[[1, 0, 0], [1, 0, 0], [0, 1, 0], [0, 1, 0], [0, 0, 1], [0, 0, 1]]","[[1, 2, 3, 4, 4], [3, 3, 4, 5, 6]]","[[0.511, 0.5, -0.5, -1, 0, -2], [0.511, 0.5, 0, 2, 0.5, 1], [0, 1, 0, 0, 0, 0], [105.6583755, 0.5, -0.5, -1, 0, -2], [105.6583755, 0.5, 0, 2, 0.5, 1]]",0.008415654634637709,0.1,1.5866629563584815,e_mu_s
51,"[[1, 0, 0], [1, 0, 0], [0, 1, 0], [0, 1, 0], [0, 0, 1], [0, 0, 1]]","[[1, 2, 3, 4, 4], [3, 3, 4, 5, 6]]","[[0.511, 0.5, -0.5, -1, 0, -2], [0.511, 0.5, 0, 2, 0.5, 1], [0, 1, 0, 0, 0, 0], [105.6583755, 0.5, -0.5, -1, 0, -2], [105.6583755, 0.5, 0, 2, 0.5, 1]]",0.008432585277885821,0.1,1.618396215485651,e_mu_s
52,"[[1, 0, 0], [1, 0, 0], [0, 1, 0], [0, 1, 0], [0, 0, 1], [0, 0, 1]]","[[1, 2, 3, 4, 4], [3, 3, 4, 5, 6]]","[[0.511, 0.5, -0.5, -1, 0, -2], [0.511, 0.5, 0, 2, 0.5, 1], [0, 1, 0, 0, 0, 0], [105.6583755, 0.5, -0.5, -1, 0, -2], [105.6583755, 0.5, 0, 2, 0.5, 1]]",0.008466378390657253,0.1,1.6501294746128208,e_mu_s
53,"[[1, 0, 0], [1, 0, 0], [0, 1, 0], [0, 1, 0], [0, 0, 1], [0, 0, 1]]","[[1, 2, 3, 4, 4], [3, 3, 4, 5, 6]]","[[0.511, 0.5, -0.5, -1, 0, -2], [0.511, 0.5, 0, 2, 0.5, 1], [0, 1, 0, 0, 0, 0], [105.6583755, 0.5, -0.5, -1, 0, -2], [105.6583755, 0.5, 0, 2, 0.5, 1]]",0.00851689790001394,0.1,1.6818627337399903,e_mu_s
54,"[[1, 0, 0], [1, 0, 0], [0, 1, 0], [0, 1, 0], [0, 0, 1], [0, 0, 1]]","[[1, 2, 3, 4, 4], [3, 3, 4, 5, 6]]","[[0.511, 0.5, -0.5, -1, 0, -2], [0.511, 0.5, 0, 2, 0.5, 1], [0, 1, 0, 0, 0, 0], [105.6583755, 0.5, -0.5, -1, 0, -2], [105.6583755, 0.5, 0, 2, 0.5, 1]]",0.008583940381722251,0.1,1.71359599286716,e_mu_s
55,"[[1, 0, 0], [1, 0, 0], [0, 1, 0], [0, 1, 0], [0, 0, 1], [0, 0, 1]]","[[1, 2, 3, 4, 4], [3, 3, 4, 5, 6]]","[[0.511, 0.5, -0.5, -1, 0, -2], [0.511, 0.5, 0, 2, 0.5, 1], [0, 1, 0, 0, 0, 0], [105.6583755, 0.5, -0.5, -1, 0, -2], [105.6583755, 0.5, 0, 2, 0.5, 1]]",0.00866723587937057,0.1,1.7453292519943295,e_mu_s
56,"[[1, 0, 0], [1, 0, 0], [0, 1, 0], [0, 1, 0], [0, 0, 1], [0, 0, 1]]","[[1, 2, 3, 4, 4], [3, 3, 4, 5, 6]]","[[0.511, 0.5, -0.5, -1, 0, -2], [0.511, 0.5, 0, 2, 0.5, 1], [0, 1, 0, 0, 0, 0], [105.6583755, 0.5, -0.5, -1, 0, -2], [105.6583755, 0.5, 0, 2, 0.5, 1]]",0.008766448991388497,0.1,1.7770625111214993,e_mu_s
57,"[[1, 0, 0], [1, 0, 0], [0, 1, 0], [0, 1, 0], [0, 0, 1], [0, 0, 1]]","[[1, 2, 3, 4, 4], [3, 3, 4, 5, 6]]","[[0.511, 0.5, -0.5, -1, 0, -2], [0.511, 0.5, 0, 2, 0.5, 1], [0, 1, 0, 0, 0, 0], [105.6583755, 0.5, -0.5, -1, 0, -2], [105.6583755, 0.5, 0, 2, 0.5, 1]]",0.008881180221590583,0.1,1.8087957702486688,e_mu_s
58,"[[1, 0, 0], [1, 0, 0], [0, 1, 0], [0, 1, 0], [0, 0, 1], [0, 0, 1]]","[[1, 2, 3, 4, 4], [3, 3, 4, 5, 6]]","[[0.511, 0.5, -0.5, -1, 0, -2], [0.511, 0.5, 0, 2, 0.5, 1], [0, 1, 0, 0, 0, 0], [105.6583755, 0.5, -0.5, -1, 0, -2], [105.6583755, 0.5, 0, 2, 0.5, 1]]",0.00901096758780648,0.1,1.8405290293758385,e_mu_s
59,"[[1, 0, 0], [1, 0, 0], [0, 1, 0], [0, 1, 0], [0, 0, 1], [0, 0, 1]]","[[1, 2, 3, 4, 4], [3, 3, 4, 5, 6]]","[[0.511, 0.5, -0.5, -1, 0, -2], [0.511, 0.5, 0, 2, 0.5, 1], [0, 1, 0, 0, 0, 0], [105.6583755, 0.5, -0.5, -1, 0, -2], [105.6583755, 0.5, 0, 2, 0.5, 1]]",0.009155288482120074,0.1,1.872262288503008,e_mu_s
60,"[[1, 0, 0], [1, 0, 0], [0, 1, 0], [0, 1, 0], [0, 0, 1], [0, 0, 1]]","[[1, 2, 3, 4, 4], [3, 3, 4, 5, 6]]","[[0.511, 0.5, -0.5, -1, 0, -2], [0.511, 0.5, 0, 2, 0.5, 1], [0, 1, 0, 0, 0, 0], [105.6583755, 0.5, -0.5, -1, 0, -2], [105.6583755, 0.5, 0, 2, 0.5, 1]]",0.00931356177522713,0.1,1.9039955476301778,e_mu_s
61,"[[1, 0, 0], [1, 0, 0], [0, 1, 0], [0, 1, 0], [0, 0, 1], [0, 0, 1]]","[[1, 2, 3, 4, 4], [3, 3, 4, 5, 6]]","[[0.511, 0.5, -0.5, -1, 0, -2], [0.511, 0.5, 0, 2, 0.5, 1], [0, 1, 0, 0, 0, 0], [105.6583755, 0.5, -0.5, -1, 0, -2], [105.6583755, 0.5, 0, 2, 0.5, 1]]",0.009485150156437873,0.1,1.9357288067573473,e_mu_s
62,"[[1, 0, 0], [1, 0, 0], [0, 1, 0], [0, 1, 0], [0, 0, 1], [0, 0, 1]]","[[1, 2, 3, 4, 4], [3, 3, 4, 5, 6]]","[[0.511, 0.5, -0.5, -1, 0, -2], [0.511, 0.5, 0, 2, 0.5, 1], [0, 1, 0, 0, 0, 0], [105.6583755, 0.5, -0.5, -1, 0, -2], [105.6583755, 0.5, 0, 2, 0.5, 1]]",0.009669362699902222,0.1,1.967462065884517,e_mu_s
63,"[[1, 0, 0], [1, 0, 0], [0, 1, 0], [0, 1, 0], [0, 0, 1], [0, 0, 1]]","[[1, 2, 3, 4, 4], [3, 3, 4, 5, 6]]","[[0.511, 0.5, -0.5, -1, 0, -2], [0.511, 0.5, 0, 2, 0.5, 1], [0, 1, 0, 0, 0, 0], [105.6583755, 0.5, -0.5, -1, 0, -2], [105.6583755, 0.5, 0, 2, 0.5, 1]]",0.009865457646724314,0.1,1.9991953250116865,e_mu_s
64,"[[1, 0, 0], [1, 0, 0], [0, 1, 0], [0, 1, 0], [0, 0, 1], [0, 0, 1]]","[[1, 2, 3, 4, 4], [3, 3, 4, 5, 6]]","[[0.511, 0.5, -0.5, -1, 0, -2], [0.511, 0.5, 0, 2, 0.5, 1], [0, 1, 0, 0, 0, 0], [105.6583755, 0.5, -0.5, -1, 0, -2], [105.6583755, 0.5, 0, 2, 0.5, 1]]",0.010072645391763784,0.1,2.0309285841388562,e_mu_s
65,"[[1, 0, 0], [1, 0, 0], [0, 1, 0], [0, 1, 0], [0, 0, 1], [0, 0, 1]]","[[1, 2, 3, 4, 4], [3, 3, 4, 5, 6]]","[[0.511, 0.5, -0.5, -1, 0, -2], [0.511, 0.5, 0, 2, 0.5, 1], [0, 1, 0, 0, 0, 0], [105.6583755, 0.5, -0.5, -1, 0, -2], [105.6583755, 0.5, 0, 2, 0.5, 1]]",0.010290091663096985,0.1,2.0626618432660258,e_mu_s
66,"[[1, 0, 0], [1, 0, 0], [0, 1, 0], [0, 1, 0], [0, 0, 1], [0, 0, 1]]","[[1, 2, 3, 4, 4], [3, 3, 4, 5, 6]]","[[0.511, 0.5, -0.5, -1, 0, -2], [0.511, 0.5, 0, 2, 0.5, 1], [0, 1, 0, 0, 0, 0], [105.6583755, 0.5, -0.5, -1, 0, -2], [105.6583755, 0.5, 0, 2, 0.5, 1]]",0.010516920881335563,0.1,2.0943951023931957,e_mu_s
67,"[[1, 0, 0], [1, 0, 0], [0, 1, 0], [0, 1, 0], [0, 0, 1], [0, 0, 1]]","[[1, 2, 3, 4, 4], [3, 3, 4, 5, 6]]","[[0.511, 0.5, -0.5, -1, 0, -2], [0.511, 0.5, 0, 2, 0.5, 1], [0, 1, 0, 0, 0, 0], [105.6583755, 0.5, -0.5, -1, 0, -2], [105.6583755, 0.5, 0, 2, 0.5, 1]]",0.010752219685275628,0.1,2.126128361520365,e_mu_s
68,"[[1, 0, 0], [1, 0, 0], [0, 1, 0], [0, 1, 0], [0, 0, 1], [0, 0, 1]]","[[1, 2, 3, 4, 4], [3, 3, 4, 5, 6]]","[[0.511, 0.5, -0.5, -1, 0, -2], [0.511, 0.5, 0, 2, 0.5, 1], [0, 1, 0, 0, 0, 0], [105.6583755, 0.5, -0.5, -1, 0, -2], [105.6583755, 0.5, 0, 2, 0.5, 1]]",0.010995040609680966,0.1,2.1578616206475347,e_mu_s
69,"[[1, 0, 0], [1, 0, 0], [0, 1, 0], [0, 1, 0], [0, 0, 1], [0, 0, 1]]","[[1, 2, 3, 4, 4], [3, 3, 4, 5, 6]]","[[0.511, 0.5, -0.5, -1, 0, -2], [0.511, 0.5, 0, 2, 0.5, 1], [0, 1, 0, 0, 0, 0], [105.6583755, 0.5, -0.5, -1, 0, -2], [105.6583755, 0.5, 0, 2, 0.5, 1]]",0.01124440590039112,0.1,2.1895948797747042,e_mu_s
70,"[[1, 0, 0], [1, 0, 0], [0, 1, 0], [0, 1, 0], [0, 0, 1], [0, 0, 1]]","[[1, 2, 3, 4, 4], [3, 3, 4, 5, 6]]","[[0.511, 0.5, -0.5, -1, 0, -2], [0.511, 0.5, 0, 2, 0.5, 1], [0, 1, 0, 0, 0, 0], [105.6583755, 0.5, -0.5, -1, 0, -2], [105.6583755, 0.5, 0, 2, 0.5, 1]]",0.011499311451392335,0.1,2.221328138901874,e_mu_s
71,"[[1, 0, 0], [1, 0, 0], [0, 1, 0], [0, 1, 0], [0, 0, 1], [0, 0, 1]]","[[1, 2, 3, 4, 4], [3, 3, 4, 5, 6]]","[[0.511, 0.5, -0.5, -1, 0, -2], [0.511, 0.5, 0, 2, 0.5, 1], [0, 1, 0, 0, 0, 0], [105.6583755, 0.5, -0.5, -1, 0, -2], [105.6583755, 0.5, 0, 2, 0.5, 1]]",0.011758730847998049,0.1,2.2530613980290437,e_mu_s
72,"[[1, 0, 0], [1, 0, 0], [0, 1, 0], [0, 1, 0], [0, 0, 1], [0, 0, 1]]","[[1, 2, 3, 4, 4], [3, 3, 4, 5, 6]]","[[0.511, 0.5, -0.5, -1, 0, -2], [0.511, 0.5, 0, 2, 0.5, 1], [0, 1, 0, 0, 0, 0], [105.6583755, 0.5, -0.5, -1, 0, -2], [105.6583755, 0.5, 0, 2, 0.5, 1]]",0.012021619499858593,0.1,2.284794657156213,e_mu_s
73,"[[1, 0, 0], [1, 0, 0], [0, 1, 0], [0, 1, 0], [0, 0, 1], [0, 0, 1]]","[[1, 2, 3, 4, 4], [3, 3, 4, 5, 6]]","[[0.511, 0.5, -0.5, -1, 0, -2], [0.511, 0.5, 0, 2, 0.5, 1], [0, 1, 0, 0, 0, 0], [105.6583755, 0.5, -0.5, -1, 0, -2], [105.6583755, 0.5, 0, 2, 0.5, 1]]",0.012286918847157833,0.1,2.3165279162833827,e_mu_s
74,"[[1, 0, 0], [1, 0, 0], [0, 1, 0], [0, 1, 0], [0, 0, 1], [0, 0, 1]]","[[1, 2, 3, 4, 4], [3, 3, 4, 5, 6]]","[[0.511, 0.5, -0.5, -1, 0, -2], [0.511, 0.5, 0, 2, 0.5, 1], [0, 1, 0, 0, 0, 0], [105.6583755, 0.5, -0.5, -1, 0, -2], [105.6583755, 0.5, 0, 2, 0.5, 1]]",0.012553560623059956,0.1,2.3482611754105527,e_mu_s
75,"[[1, 0, 0], [1, 0, 0], [0, 1, 0], [0, 1, 0], [0, 0, 1], [0, 0, 1]]","[[1, 2, 3, 4, 4], [3, 3, 4, 5, 6]]","[[0.511, 0.5, -0.5, -1, 0, -2], [0.511, 0.5, 0, 2, 0.5, 1], [0, 1, 0, 0, 0, 0], [105.6583755, 0.5, -0.5, -1, 0, -2], [105.6583755, 0.5, 0, 2, 0.5, 1]]",0.012820471155242938,0.1,2.379994434537722,e_mu_s
76,"[[1, 0, 0], [1, 0, 0], [0, 1, 0], [0, 1, 0], [0, 0, 1], [0, 0, 1]]","[[1, 2, 3, 4, 4], [3, 3, 4, 5, 6]]","[[0.511, 0.5, -0.5, -1, 0, -2], [0.511, 0.5, 0, 2, 0.5, 1], [0, 1, 0, 0, 0, 0], [105.6583755, 0.5, -0.5, -1, 0, -2], [105.6583755, 0.5, 0, 2, 0.5, 1]]",0.01308657568919811,0.1,2.4117276936648917,e_mu_s
77,"[[1, 0, 0], [1, 0, 0], [0, 1, 0], [0, 1, 0], [0, 0, 1], [0, 0, 1]]","[[1, 2, 3, 4, 4], [3, 3, 4, 5, 6]]","[[0.511, 0.5, -0.5, -1, 0, -2], [0.511, 0.5, 0, 2, 0.5, 1], [0, 1, 0, 0, 0, 0], [105.6583755, 0.5, -0.5, -1, 0, -2], [105.6583755, 0.5, 0, 2, 0.5, 1]]",0.013350802715887154,0.1,2.443460952792061,e_mu_s
78,"[[1, 0, 0], [1, 0, 0], [0, 1, 0], [0, 1, 0], [0, 0, 1], [0, 0, 1]]","[[1, 2, 3, 4, 4], [3, 3, 4, 5, 6]]","[[0.511, 0.5, -0.5, -1, 0, -2], [0.511, 0.5, 0, 2, 0.5, 1], [0, 1, 0, 0, 0, 0], [105.6583755, 0.5, -0.5, -1, 0, -2], [105.6583755, 0.5, 0, 2, 0.5, 1]]",0.01361208828633089,0.1,2.475194211919231,e_mu_s
79,"[[1, 0, 0], [1, 0, 0], [0, 1, 0], [0, 1, 0], [0, 0, 1], [0, 0, 1]]","[[1, 2, 3, 4, 4], [3, 3, 4, 5, 6]]","[[0.511, 0.5, -0.5, -1, 0, -2], [0.511, 0.5, 0, 2, 0.5, 1], [0, 1, 0, 0, 0, 0], [105.6583755, 0.5, -0.5, -1, 0, -2], [105.6583755, 0.5, 0, 2, 0.5, 1]]",0.013869380295756246,0.1,2.5069274710464007,e_mu_s
80,"[[1, 0, 0], [1, 0, 0], [0, 1, 0], [0, 1, 0], [0, 0, 1], [0, 0, 1]]","[[1, 2, 3, 4, 4], [3, 3, 4, 5, 6]]","[[0.511, 0.5, -0.5, -1, 0, -2], [0.511, 0.5, 0, 2, 0.5, 1], [0, 1, 0, 0, 0, 0], [105.6583755, 0.5, -0.5, -1, 0, -2], [105.6583755, 0.5, 0, 2, 0.5, 1]]",0.014121642720050875,0.1,2.53866073017357,e_mu_s
81,"[[1, 0, 0], [1, 0, 0], [0, 1, 0], [0, 1, 0], [0, 0, 1], [0, 0, 1]]","[[1, 2, 3, 4, 4], [3, 3, 4, 5, 6]]","[[0.511, 0.5, -0.5, -1, 0, -2], [0.511, 0.5, 0, 2, 0.5, 1], [0, 1, 0, 0, 0, 0], [105.6583755, 0.5, -0.5, -1, 0, -2], [105.6583755, 0.5, 0, 2, 0.5, 1]]",0.01436785978746661,0.1,2.57039398930074,e_mu_s
82,"[[1, 0, 0], [1, 0, 0], [0, 1, 0], [0, 1, 0], [0, 0, 1], [0, 0, 1]]","[[1, 2, 3, 4, 4], [3, 3, 4, 5, 6]]","[[0.511, 0.5, -0.5, -1, 0, -2], [0.511, 0.5, 0, 2, 0.5, 1], [0, 1, 0, 0, 0, 0], [105.6583755, 0.5, -0.5, -1, 0, -2], [105.6583755, 0.5, 0, 2, 0.5, 1]]",0.014607040068773721,0.1,2.6021272484279097,e_mu_s
83,"[[1, 0, 0], [1, 0, 0], [0, 1, 0], [0, 1, 0], [0, 0, 1], [0, 0, 1]]","[[1, 2, 3, 4, 4], [3, 3, 4, 5, 6]]","[[0.511, 0.5, -0.5, -1, 0, -2], [0.511, 0.5, 0, 2, 0.5, 1], [0, 1, 0, 0, 0, 0], [105.6583755, 0.5, -0.5, -1, 0, -2], [105.6583755, 0.5, 0, 2, 0.5, 1]]",0.014838220469396595,0.1,2.633860507555079,e_mu_s
84,"[[1, 0, 0], [1, 0, 0], [0, 1, 0], [0, 1, 0], [0, 0, 1], [0, 0, 1]]","[[1, 2, 3, 4, 4], [3, 3, 4, 5, 6]]","[[0.511, 0.5, -0.5, -1, 0, -2], [0.511, 0.5, 0, 2, 0.5, 1], [0, 1, 0, 0, 0, 0], [105.6583755, 0.5, -0.5, -1, 0, -2], [105.6583755, 0.5, 0, 2, 0.5, 1]]",0.015060470107455594,0.1,2.6655937666822487,e_mu_s
85,"[[1, 0, 0], [1, 0, 0], [0, 1, 0], [0, 1, 0], [0, 0, 1], [0, 0, 1]]","[[1, 2, 3, 4, 4], [3, 3, 4, 5, 6]]","[[0.511, 0.5, -0.5, -1, 0, -2], [0.511, 0.5, 0, 2, 0.5, 1], [0, 1, 0, 0, 0, 0], [105.6583755, 0.5, -0.5, -1, 0, -2], [105.6583755, 0.5, 0, 2, 0.5, 1]]",0.015272894062099895,0.1,2.6973270258094186,e_mu_s
86,"[[1, 0, 0], [1, 0, 0], [0, 1, 0], [0, 1, 0], [0, 0, 1], [0, 0, 1]]","[[1, 2, 3, 4, 4], [3, 3, 4, 5, 6]]","[[0.511, 0.5, -0.5, -1, 0, -2], [0.511, 0.5, 0, 2, 0.5, 1], [0, 1, 0, 0, 0, 0], [105.6583755, 0.5, -0.5, -1, 0, -2], [105.6583755, 0.5, 0, 2, 0.5, 1]]",0.015474636977037834,0.1,2.729060284936588,e_mu_s
87,"[[1, 0, 0], [1, 0, 0], [0, 1, 0], [0, 1, 0], [0, 0, 1], [0, 0, 1]]","[[1, 2, 3, 4, 4], [3, 3, 4, 5, 6]]","[[0.511, 0.5, -0.5, -1, 0, -2], [0.511, 0.5, 0, 2, 0.5, 1], [0, 1, 0, 0, 0, 0], [105.6583755, 0.5, -0.5, -1, 0, -2], [105.6583755, 0.5, 0, 2, 0.5, 1]]",0.015664886504754883,0.1,2.7607935440637577,e_mu_s
88,"[[1, 0, 0], [1, 0, 0], [0, 1, 0], [0, 1, 0], [0, 0, 1], [0, 0, 1]]","[[1, 2, 3, 4, 4], [3, 3, 4, 5, 6]]","[[0.511, 0.5, -0.5, -1, 0, -2], [0.511, 0.5, 0, 2, 0.5, 1], [0, 1, 0, 0, 0, 0], [105.6583755, 0.5, -0.5, -1, 0, -2], [105.6583755, 0.5, 0, 2, 0.5, 1]]",0.015842876577550298,0.1,2.792526803190927,e_mu_s
89,"[[1, 0, 0], [1, 0, 0], [0, 1, 0], [0, 1, 0], [0, 0, 1], [0, 0, 1]]","[[1, 2, 3, 4, 4], [3, 3, 4, 5, 6]]","[[0.511, 0.5, -0.5, -1, 0, -2], [0.511, 0.5, 0, 2, 0.5, 1], [0, 1, 0, 0, 0, 0], [105.6583755, 0.5, -0.5, -1, 0, -2], [105.6583755, 0.5, 0, 2, 0.5, 1]]",0.016007890492221413,0.1,2.824260062318097,e_mu_s
90,"[[1, 0, 0], [1, 0, 0], [0, 1, 0], [0, 1, 0], [0, 0, 1], [0, 0, 1]]","[[1, 2, 3, 4, 4], [3, 3, 4, 5, 6]]","[[0.511, 0.5, -0.5, -1, 0, -2], [0.511, 0.5, 0, 2, 0.5, 1], [0, 1, 0, 0, 0, 0], [105.6583755, 0.5, -0.5, -1, 0, -2], [105.6583755, 0.5, 0, 2, 0.5, 1]]",0.016159263795974498,0.1,2.8559933214452666,e_mu_s
91,"[[1, 0, 0], [1, 0, 0], [0, 1, 0], [0, 1, 0], [0, 0, 1], [0, 0, 1]]","[[1, 2, 3, 4, 4], [3, 3, 4, 5, 6]]","[[0.511, 0.5, -0.5, -1, 0, -2], [0.511, 0.5, 0, 2, 0.5, 1], [0, 1, 0, 0, 0, 0], [105.6583755, 0.5, -0.5, -1, 0, -2], [105.6583755, 0.5, 0, 2, 0.5, 1]]",0.016296386961941595,0.1,2.887726580572436,e_mu_s
92,"[[1, 0, 0], [1, 0, 0], [0, 1, 0], [0, 1, 0], [0, 0, 1], [0, 0, 1]]","[[1, 2, 3, 4, 4], [3, 3, 4, 5, 6]]","[[0.511, 0.5, -0.5, -1, 0, -2], [0.511, 0.5, 0, 2, 0.5, 1], [0, 1, 0, 0, 0, 0], [105.6583755, 0.5, -0.5, -1, 0, -2], [105.6583755, 0.5, 0, 2, 0.5, 1]]",0.016418707843530115,0.1,2.9194598396996057,e_mu_s
93,"[[1, 0, 0], [1, 0, 0], [0, 1, 0], [0, 1, 0], [0, 0, 1], [0, 0, 1]]","[[1, 2, 3, 4, 4], [3, 3, 4, 5, 6]]","[[0.511, 0.5, -0.5, -1, 0, -2], [0.511, 0.5, 0, 2, 0.5, 1], [0, 1, 0, 0, 0, 0], [105.6583755, 0.5, -0.5, -1, 0, -2], [105.6583755, 0.5, 0, 2, 0.5, 1]]",0.016525733897722304,0.1,2.9511930988267756,e_mu_s
94,"[[1, 0, 0], [1, 0, 0], [0, 1, 0], [0, 1, 0], [0, 0, 1], [0, 0, 1]]","[[1, 2, 3, 4, 4], [3, 3, 4, 5, 6]]","[[0.511, 0.5, -0.5, -1, 0, -2], [0.511, 0.5, 0, 2, 0.5, 1], [0, 1, 0, 0, 0, 0], [105.6583755, 0.5, -0.5, -1, 0, -2], [105.6583755, 0.5, 0, 2, 0.5, 1]]",0.0166170341683721,0.1,2.982926357953945,e_mu_s
95,"[[1, 0, 0], [1, 0, 0], [0, 1, 0], [0, 1, 0], [0, 0, 1], [0, 0, 1]]","[[1, 2, 3, 4, 4], [3, 3, 4, 5, 6]]","[[0.511, 0.5, -0.5, -1, 0, -2], [0.511, 0.5, 0, 2, 0.5, 1], [0, 1, 0, 0, 0, 0], [105.6583755, 0.5, -0.5, -1, 0, -2], [105.6583755, 0.5, 0, 2, 0.5, 1]]",0.016692241021513465,0.1,3.0146596170811146,e_mu_s
96,"[[1, 0, 0], [1, 0, 0], [0, 1, 0], [0, 1, 0], [0, 0, 1], [0, 0, 1]]","[[1, 2, 3, 4, 4], [3, 3, 4, 5, 6]]","[[0.511, 0.5, -0.5, -1, 0, -2], [0.511, 0.5, 0, 2, 0.5, 1], [0, 1, 0, 0, 0, 0], [105.6583755, 0.5, -0.5, -1, 0, -2], [105.6583755, 0.5, 0, 2, 0.5, 1]]",0.016751051625692587,0.1,3.0463928762082846,e_mu_s
97,"[[1, 0, 0], [1, 0, 0], [0, 1, 0], [0, 1, 0], [0, 0, 1], [0, 0, 1]]","[[1, 2, 3, 4, 4], [3, 3, 4, 5, 6]]","[[0.511, 0.5, -0.5, -1, 0, -2], [0.511, 0.5, 0, 2, 0.5, 1], [0, 1, 0, 0, 0, 0], [105.6583755, 0.5, -0.5, -1, 0, -2], [105.6583755, 0.5, 0, 2, 0.5, 1]]",0.016793229171363274,0.1,3.078126135335454,e_mu_s
98,"[[1, 0, 0], [1, 0, 0], [0, 1, 0], [0, 1, 0], [0, 0, 1], [0, 0, 1]]","[[1, 2, 3, 4, 4], [3, 3, 4, 5, 6]]","[[0.511, 0.5, -0.5, -1, 0, -2], [0.511, 0.5, 0, 2, 0.5, 1], [0, 1, 0, 0, 0, 0], [105.6583755, 0.5, -0.5, -1, 0, -2], [105.6583755, 0.5, 0, 2, 0.5, 1]]",0.01681860382443541,0.1,3.1098593944626236,e_mu_s
99,"[[1, 0, 0], [1, 0, 0], [0, 1, 0], [0, 1, 0], [0, 0, 1], [0, 0, 1]]","[[1, 2, 3, 4, 4], [3, 3, 4, 5, 6]]","[[0.511, 0.5, -0.5, -1, 0, -2], [0.511, 0.5, 0, 2, 0.5, 1], [0, 1, 0, 0, 0, 0], [105.6583755, 0.5, -0.5, -1, 0, -2], [105.6583755, 0.5, 0, 2, 0.5, 1]]",0.016827073410136898,0.1,3.141592653589793,e_mu_s
